文件路径,Base64 图片,本地图片,网络图片,HTML 图片
C:\Users\codeh\Desktop\CSNote\Memo.md,0,0,0,0
C:\Users\codeh\Desktop\CSNote\README.md,0,0,0,0
C:\Users\codeh\Desktop\CSNote\Backend\DesignPattern.md,0,20,0,63
C:\Users\codeh\Desktop\CSNote\Backend\Docker.md,0,55,0,11
C:\Users\codeh\Desktop\CSNote\Backend\Elasticsearch.md,0,24,0,0
C:\Users\codeh\Desktop\CSNote\Backend\JavaWeb.md,0,80,0,103
C:\Users\codeh\Desktop\CSNote\Backend\JUC.md,0,153,0,25
C:\Users\codeh\Desktop\CSNote\Backend\JVM.md,0,0,0,0
C:\Users\codeh\Desktop\CSNote\Backend\Maven.md,0,54,0,0
C:\Users\codeh\Desktop\CSNote\Backend\MySQL.md,0,168,0,10
C:\Users\codeh\Desktop\CSNote\Backend\RabbitMQ.md,0,108,0,0
C:\Users\codeh\Desktop\CSNote\Backend\Redis.md,0,128,0,18
C:\Users\codeh\Desktop\CSNote\Backend\SpringCloud.md,0,33,0,24
C:\Users\codeh\Desktop\CSNote\Backend\Java\Java-1.md,0,93,0,84
C:\Users\codeh\Desktop\CSNote\Backend\Java\Java-2.md,0,100,0,62
C:\Users\codeh\Desktop\CSNote\Backend\Java\Java-3.md,0,72,0,69
C:\Users\codeh\Desktop\CSNote\Backend\Java\Java-4.md,0,99,0,0
C:\Users\codeh\Desktop\CSNote\Backend\MySQL\MySQL-1.md,0,154,0,62
C:\Users\codeh\Desktop\CSNote\Backend\MySQL\MySQL-2.md,0,17,0,2
C:\Users\codeh\Desktop\CSNote\Backend\MySQL\MySQL-3.md,0,69,0,64
C:\Users\codeh\Desktop\CSNote\Backend\MySQL\MySQL-4.md,0,173,0,166
C:\Users\codeh\Desktop\CSNote\Backend\MySQL\MySQL-5.md,0,116,0,112
C:\Users\codeh\Desktop\CSNote\Backend\SSM\Mybatis.md,0,29,0,11
C:\Users\codeh\Desktop\CSNote\Backend\SSM\MybatisPlus.md,0,7,0,0
C:\Users\codeh\Desktop\CSNote\Backend\SSM\Spring.md,0,41,0,10
C:\Users\codeh\Desktop\CSNote\Backend\SSM\SpringBoot.md,0,16,1,20
C:\Users\codeh\Desktop\CSNote\Backend\SSM\SpringMVC.md,0,49,0,7
C:\Users\codeh\Desktop\CSNote\Backend\Tool\Git.md,0,12,0,3
C:\Users\codeh\Desktop\CSNote\Backend\Tool\IDEA.md,0,249,0,45
C:\Users\codeh\Desktop\CSNote\Backend\Tool\Knife4j.md,0,2,0,0
C:\Users\codeh\Desktop\CSNote\Backend\Tool\Linux.md,0,35,0,6
C:\Users\codeh\Desktop\CSNote\Backend\Tool\Lombok.md,0,0,0,0
C:\Users\codeh\Desktop\CSNote\Backend\Tool\Nginx.md,0,0,0,0
C:\Users\codeh\Desktop\CSNote\Backend\Tool\Swagger.md,0,2,0,2
C:\Users\codeh\Desktop\CSNote\Backend\Tool\Windows.md,0,0,0,0
C:\Users\codeh\Desktop\CSNote\Blog\BackendNote.md,0,18,0,1
C:\Users\codeh\Desktop\CSNote\Blog\FrontendNote.md,0,0,0,0
C:\Users\codeh\Desktop\CSNote\Blog\StatusCode.md,0,0,0,0
C:\Users\codeh\Desktop\CSNote\Blog\Tool.md,0,7,0,0
C:\Users\codeh\Desktop\CSNote\C#\CSharp.md,0,1,0,0
C:\Users\codeh\Desktop\CSNote\C#\DotNET.md,0,0,0,0
C:\Users\codeh\Desktop\CSNote\C#\EFCore.md,0,0,0,0
C:\Users\codeh\Desktop\CSNote\C#\Note.md,0,2,0,0
C:\Users\codeh\Desktop\CSNote\C#\PostgreSQL.md,0,0,0,0
C:\Users\codeh\Desktop\CSNote\CS\Algorithm.md,0,0,0,0
C:\Users\codeh\Desktop\CSNote\CS\C++.md,2,0,0,0
C:\Users\codeh\Desktop\CSNote\DL\Anaconda.md,0,2,0,1
C:\Users\codeh\Desktop\CSNote\DL\DeepLearning.md,0,3,0,0
C:\Users\codeh\Desktop\CSNote\DL\Flask.md,0,0,0,0
C:\Users\codeh\Desktop\CSNote\DL\Python.md,1,1,0,1
C:\Users\codeh\Desktop\CSNote\DL\PyTorch.md,0,0,0,0
C:\Users\codeh\Desktop\CSNote\Frontend\Ajax.md,0,4,0,0
C:\Users\codeh\Desktop\CSNote\Frontend\Angular.md,0,0,0,0
C:\Users\codeh\Desktop\CSNote\Frontend\Axios.md,0,0,0,0
C:\Users\codeh\Desktop\CSNote\Frontend\CSS.md,0,5,0,9
C:\Users\codeh\Desktop\CSNote\Frontend\HTML.md,1,0,0,10
C:\Users\codeh\Desktop\CSNote\Frontend\JavaScript.md,0,21,0,12
C:\Users\codeh\Desktop\CSNote\Frontend\JQuery.md,0,0,0,0
C:\Users\codeh\Desktop\CSNote\Frontend\Nodejs.md,0,3,0,2
C:\Users\codeh\Desktop\CSNote\Frontend\React.md,0,32,0,3
C:\Users\codeh\Desktop\CSNote\Frontend\TypeScript.md,0,0,0,0
C:\Users\codeh\Desktop\CSNote\Frontend\UIFramework.md,0,0,0,0
C:\Users\codeh\Desktop\CSNote\Frontend\Uniapp.md,0,0,0,0
C:\Users\codeh\Desktop\CSNote\Frontend\Vue.md,1,25,0,19
C:\Users\codeh\Desktop\CSNote\Project\api.md,0,1336,1,0
C:\Users\codeh\Desktop\CSNote\Project\bi.md,0,936,0,4
C:\Users\codeh\Desktop\CSNote\Project\oj.md,0,41,0,3
C:\Users\codeh\Desktop\CSNote\Project\rpc.md,0,83,0,0
C:\Users\codeh\Desktop\CSNote\Project\so.md,0,6,0,1
C:\Users\codeh\Desktop\CSNote\Project\usercenter.md,0,20,0,4
C:\Users\codeh\Desktop\CSNote\Project\usercenter_csharp.md,0,0,0,0
C:\Users\codeh\Desktop\CSNote\Project\vueblog.md,0,3,0,0
